Question ID,Variant 1,Variant 2,Variant 3,Variant 4,Variant 5,Variant 6,Variant 7,Variant 8,Variant 9,Variant 10,# of correct per question,Topic,Difficulty Level
Q1,fail,correct,fail,correct,correct,fail,fail,correct,fail,fail,4,analytic geometry,high school
Q2,fail,correct,correct,correct,correct,correct,correct,correct,correct,fail,8,statistics,elementary school
Q3,correct,correct,correct,correct,correct,correct,correct,correct,correct,correct,10,statistics,high school
Q4,correct,correct,correct,correct,correct,correct,correct,correct,correct,correct,10,statistics,high school
Q5,correct,correct,correct,correct,correct,correct,correct,fail,correct,correct,9,statistics,elementary school
Q6,correct,correct,correct,correct,correct,correct,correct,correct,correct,correct,10,analytic geometry,high school
Q7,fail,fail,fail,correct,correct,fail,correct,fail,fail,correct,4,arithmetic,elementary school
Q8,correct,correct,correct,fail,fail,correct,fail,fail,correct,fail,5,plane geometry,high school
Q9,correct,correct,correct,correct,correct,correct,correct,correct,correct,correct,10,plane geometry,elementary school
Q10,correct,correct,correct,correct,correct,correct,correct,correct,correct,correct,10,plane geometry,elementary school
Q11,correct,correct,correct,correct,correct,correct,correct,correct,correct,correct,10,plane geometry,high school
Q12,fail,correct,fail,fail,correct,correct,correct,correct,correct,fail,6,analytic geometry,high school
Q13,correct,correct,correct,correct,correct,correct,correct,correct,correct,correct,10,plane geometry,high school
Q14,correct,correct,fail,correct,correct,correct,correct,fail,fail,correct,7,analytic geometry,high school
Q15,correct,fail,correct,correct,fail,correct,correct,correct,correct,correct,8,analytic geometry,high school
Q16,fail,correct,correct,correct,correct,correct,correct,correct,correct,correct,9,algebra,high school
Q17,correct,correct,correct,correct,correct,correct,correct,correct,correct,correct,10,plane geometry,elementary school
Q18,correct,correct,fail,correct,fail,correct,correct,correct,correct,correct,8,plane geometry,elementary school
Q19,correct,fail,fail,fail,fail,fail,correct,correct,fail,fail,3,statistics,elementary school
Q20,fail,correct,fail,correct,fail,correct,fail,fail,fail,fail,3,statistics,elementary school
Q21,fail,correct,fail,fail,fail,fail,correct,correct,correct,fail,4,arithmetic,elementary school
Q22,correct,correct,correct,correct,correct,correct,correct,correct,correct,correct,10,arithmetic,elementary school
Q23,fail,fail,correct,fail,correct,correct,correct,fail,fail,fail,4,analytic geometry,high school
Q24,correct,correct,correct,correct,correct,correct,correct,correct,correct,correct,10,plane geometry,high school
Q25,correct,correct,correct,correct,correct,correct,correct,correct,correct,correct,10,arithmetic,elementary school
Q26,correct,correct,correct,correct,correct,correct,correct,correct,correct,correct,10,plane geometry,high school
Q27,fail,fail,fail,fail,fail,fail,fail,fail,fail,fail,0,solid geometry,high school
Q28,correct,fail,correct,correct,correct,correct,fail,correct,fail,fail,6,plane geometry,high school
Q29,correct,correct,correct,correct,correct,correct,fail,correct,correct,correct,9,arithmetic,elementary school
Q30,correct,correct,correct,correct,correct,correct,fail,correct,correct,correct,9,statistics,elementary school
Q31,correct,correct,correct,correct,correct,correct,correct,correct,correct,correct,10,arithmetic,elementary school
Q32,correct,correct,correct,correct,correct,correct,correct,correct,correct,correct,10,plane geometry,high school
Q33,correct,correct,correct,correct,correct,correct,correct,correct,correct,correct,10,analytic geometry,undergraduate
Q34,fail,fail,fail,fail,fail,fail,fail,fail,fail,fail,0,plane geometry,high school
Q35,correct,correct,correct,correct,correct,correct,correct,correct,correct,correct,10,arithmetic,elementary school
Q36,correct,correct,correct,correct,correct,correct,correct,correct,correct,correct,10,solid geometry,high school
Q37,fail,correct,fail,correct,correct,correct,correct,correct,correct,correct,8,statistics,elementary school
Q38,correct,fail,correct,correct,correct,fail,correct,correct,correct,fail,7,plane geometry,high school
Q39,correct,correct,correct,fail,correct,fail,fail,correct,correct,correct,7,statistics,undergraduate
Q40,fail,correct,correct,fail,fail,fail,correct,fail,correct,correct,5,algebra,high school
Q41,correct,correct,correct,correct,correct,correct,correct,correct,correct,correct,10,plane geometry,high school
Q42,correct,fail,correct,correct,correct,fail,correct,correct,correct,fail,7,graph theory,undergraduate
Q43,fail,fail,fail,fail,correct,fail,fail,correct,fail,fail,2,plane geometry,high school
Q44,fail,correct,correct,correct,fail,correct,correct,correct,fail,correct,7,plane geometry,high school
Q45,correct,correct,correct,correct,correct,correct,correct,correct,correct,correct,10,plane geometry,high school
Q46,fail,fail,correct,fail,correct,fail,fail,fail,fail,fail,2,analytic geometry,high school
Q47,correct,correct,correct,correct,correct,correct,correct,correct,correct,correct,10,analytic geometry,high school
Q48,correct,correct,correct,correct,correct,correct,correct,correct,correct,correct,10,statistics,elementary school
Q49,correct,correct,correct,correct,correct,correct,correct,correct,correct,correct,10,plane geometry,high school
Q50,correct,correct,fail,correct,correct,correct,correct,correct,correct,correct,9,analytic geometry,high school
Q51,fail,fail,fail,correct,fail,fail,correct,fail,fail,fail,2,arithmetic,elementary school
Q52,correct,correct,correct,correct,correct,correct,correct,correct,correct,correct,10,analytic geometry,undergraduate
Q53,correct,correct,correct,correct,correct,correct,correct,correct,correct,correct,10,plane geometry,high school
Q54,correct,correct,correct,correct,correct,correct,correct,correct,correct,correct,10,analytic geometry,high school
Q55,fail,fail,fail,fail,fail,fail,fail,fail,correct,fail,1,plane geometry,high school
Q56,correct,correct,correct,correct,correct,correct,correct,fail,correct,fail,8,analytic geometry,high school
Q57,fail,fail,fail,fail,correct,correct,fail,fail,correct,fail,3,plane geometry,high school
Q58,fail,fail,correct,correct,fail,fail,fail,fail,fail,correct,3,analytic geometry,high school
Q59,correct,correct,correct,correct,correct,correct,correct,correct,correct,correct,10,arithmetic,high school
Q60,correct,correct,correct,correct,correct,correct,correct,correct,correct,correct,10,solid geometry,high school
Q61,fail,fail,fail,fail,fail,fail,fail,fail,fail,fail,0,analytic geometry,high school
Q62,correct,correct,correct,correct,correct,correct,correct,correct,correct,correct,10,plane geometry,elementary school
Q63,correct,correct,correct,correct,correct,correct,correct,correct,correct,correct,10,algebra,high school
Q64,correct,correct,correct,correct,correct,fail,correct,correct,fail,correct,8,analytic geometry,undergraduate
Q65,correct,correct,correct,correct,correct,correct,correct,correct,correct,correct,10,plane geometry,high school
Q66,correct,correct,correct,correct,correct,correct,correct,correct,correct,correct,10,plane geometry,high school
Q67,correct,correct,correct,correct,correct,correct,correct,correct,correct,correct,10,plane geometry,high school
Q68,correct,correct,correct,correct,correct,correct,correct,correct,correct,correct,10,analytic geometry,high school
Q69,correct,correct,correct,correct,correct,correct,correct,correct,correct,correct,10,analytic geometry,high school
Q70,correct,fail,correct,fail,fail,fail,fail,fail,correct,correct,4,plane geometry,high school
Q71,fail,fail,correct,correct,fail,correct,fail,fail,fail,fail,3,arithmetic,elementary school
Q72,correct,correct,correct,correct,correct,correct,correct,correct,correct,correct,10,statistics,undergraduate
Q73,fail,fail,fail,fail,fail,fail,fail,fail,fail,fail,0,analytic geometry,high school
Q74,correct,correct,correct,correct,correct,correct,correct,correct,correct,correct,10,solid geometry,high school
Q75,correct,correct,fail,correct,correct,correct,correct,correct,correct,correct,9,analytic geometry,high school
Q76,fail,fail,fail,fail,fail,correct,fail,fail,fail,correct,2,analytic geometry,high school
Q77,fail,correct,fail,fail,correct,correct,fail,correct,fail,fail,4,analytic geometry,undergraduate
Q78,fail,fail,correct,fail,fail,fail,correct,fail,fail,fail,2,analytic geometry,undergraduate
Q79,correct,correct,fail,fail,correct,fail,fail,correct,correct,correct,6,analytic geometry,undergraduate
Q80,correct,fail,correct,correct,correct,correct,fail,correct,correct,correct,8,plane geometry,high school
Q81,fail,fail,fail,fail,fail,fail,fail,fail,fail,fail,0,plane geometry,high school
Q82,correct,correct,correct,correct,correct,correct,correct,correct,correct,correct,10,algebra,undergraduate
Q83,correct,correct,fail,correct,fail,correct,correct,correct,correct,correct,8,plane geometry,high school
Q84,correct,correct,correct,correct,correct,correct,correct,correct,correct,correct,10,plane geometry,high school
Q85,correct,correct,correct,correct,correct,correct,correct,correct,correct,correct,10,plane geometry,high school
Q86,correct,correct,correct,correct,correct,correct,correct,correct,correct,correct,10,analytic geometry,undergraduate
Q87,correct,correct,correct,correct,correct,correct,correct,correct,correct,correct,10,analytic geometry,undergraduate
Q88,correct,correct,correct,correct,correct,correct,correct,correct,correct,correct,10,analytic geometry,undergraduate
Q89,correct,correct,correct,correct,correct,correct,correct,correct,correct,correct,10,algebra,undergraduate
Q90,correct,fail,fail,correct,correct,fail,correct,correct,correct,correct,7,algebra,undergraduate
Q91,fail,correct,fail,correct,fail,fail,correct,correct,correct,fail,5,arithmetic,high school
Q92,correct,correct,correct,correct,correct,fail,correct,correct,correct,correct,9,analytic geometry,high school
Q93,correct,correct,correct,correct,correct,correct,correct,correct,correct,correct,10,plane geometry,high school
Q94,fail,fail,fail,fail,fail,fail,fail,fail,fail,fail,0,plane geometry,high school
Q95,correct,correct,correct,fail,fail,correct,fail,fail,correct,fail,5,plane geometry,high school
Q96,correct,correct,fail,correct,fail,fail,fail,fail,fail,fail,3,analytic geometry,high school
Q97,correct,correct,fail,fail,correct,correct,fail,correct,correct,correct,7,plane geometry,high school
Q98,correct,correct,correct,correct,correct,correct,correct,correct,correct,correct,10,analytic geometry,high school
Q99,correct,correct,correct,correct,correct,correct,correct,correct,correct,correct,10,analytic geometry,high school
Q100,correct,correct,correct,correct,correct,correct,correct,correct,correct,fail,9,scientific figure,high school
Q101,correct,fail,correct,correct,correct,correct,fail,fail,fail,correct,6,analytic geometry,high school
Q102,fail,correct,correct,fail,fail,fail,fail,correct,fail,fail,3,analytic geometry,high school
Q103,fail,fail,fail,fail,fail,fail,fail,fail,fail,fail,0,analytic geometry,undergraduate
Q104,correct,correct,correct,correct,correct,correct,correct,correct,correct,correct,10,arithmetic,elementary school
Q105,correct,fail,correct,correct,fail,correct,correct,fail,correct,correct,7,analytic geometry,high school
Q106,correct,fail,correct,correct,correct,fail,correct,fail,fail,correct,6,analytic geometry,undergraduate
Q107,fail,fail,fail,fail,fail,fail,fail,fail,fail,fail,0,plane geometry,high school
Q108,fail,fail,fail,correct,fail,fail,fail,fail,fail,fail,1,algebra,high school
Q109,correct,fail,fail,fail,fail,fail,correct,fail,fail,correct,3,analytic geometry,high school
Q110,fail,fail,fail,fail,fail,fail,fail,fail,correct,correct,2,analytic geometry,high school
Q111,fail,fail,fail,correct,fail,fail,correct,fail,fail,correct,3,analytic geometry,high school
Q112,fail,fail,fail,fail,fail,fail,fail,fail,fail,fail,0,plane geometry,high school
Q113,fail,fail,fail,fail,fail,fail,fail,fail,fail,fail,0,plane geometry,high school
Q114,correct,correct,correct,correct,correct,correct,correct,correct,correct,correct,10,scientific figure,elementary school
Q115,correct,correct,correct,correct,correct,correct,correct,correct,correct,correct,10,puzzle test,elementary school
Q116,fail,fail,fail,fail,correct,fail,correct,fail,fail,fail,2,plane geometry,high school
Q117,correct,correct,correct,correct,correct,correct,correct,correct,correct,correct,10,analytic geometry,undergraduate
Q118,correct,correct,correct,correct,correct,correct,correct,correct,correct,correct,10,analytic geometry,undergraduate
Q119,fail,fail,fail,correct,correct,fail,fail,correct,fail,correct,4,analytic geometry,undergraduate
Q120,correct,correct,correct,correct,correct,correct,correct,correct,correct,correct,10,graph theory,undergraduate
Q121,correct,fail,fail,correct,fail,correct,correct,fail,fail,correct,5,algebra,high school
Q122,correct,correct,correct,correct,correct,fail,fail,correct,fail,correct,7,plane geometry,high school
Q123,fail,fail,fail,correct,fail,fail,correct,fail,fail,correct,3,plane geometry,high school
Q124,correct,correct,correct,correct,correct,correct,correct,correct,correct,correct,10,analytic geometry,undergraduate
Q125,correct,correct,correct,fail,correct,correct,correct,correct,correct,correct,9,analytic geometry,high school
Q126,correct,fail,fail,fail,fail,fail,correct,fail,fail,fail,2,solid geometry,high school
Q127,correct,correct,correct,fail,correct,fail,correct,correct,fail,correct,7,plane geometry,high school
Q128,fail,fail,fail,fail,fail,fail,correct,fail,fail,fail,1,analytic geometry,high school
Q129,correct,correct,correct,correct,correct,correct,correct,correct,correct,correct,10,solid geometry,high school
Q130,fail,fail,fail,correct,fail,correct,fail,correct,fail,correct,4,solid geometry,high school
Q131,correct,correct,correct,correct,correct,fail,fail,fail,correct,correct,7,analytic geometry,undergraduate
Q132,fail,fail,correct,correct,correct,correct,correct,correct,fail,correct,7,analytic geometry,high school
Q133,fail,correct,fail,fail,fail,correct,fail,correct,fail,fail,3,analytic geometry,high school
Q134,correct,fail,correct,correct,fail,correct,correct,correct,correct,correct,8,analytic geometry,high school
Q135,fail,fail,fail,fail,fail,correct,fail,fail,correct,fail,2,analytic geometry,high school
Q136,fail,correct,fail,correct,fail,fail,fail,fail,fail,fail,2,graph theory,undergraduate
Q137,fail,fail,fail,correct,correct,correct,correct,fail,correct,fail,5,graph theory,undergraduate
Q138,fail,fail,fail,fail,correct,correct,correct,fail,fail,fail,3,analytic geometry,high school
Q139,correct,fail,correct,correct,correct,correct,correct,correct,correct,correct,9,analytic geometry,high school
Q140,correct,correct,correct,correct,correct,correct,correct,fail,correct,correct,9,analytic geometry,high school
Q141,correct,fail,fail,correct,fail,fail,fail,correct,fail,fail,3,solid geometry,high school
Q142,correct,correct,correct,correct,correct,correct,correct,correct,correct,correct,10,graph theory,undergraduate
Q143,correct,fail,correct,fail,correct,correct,correct,fail,correct,correct,7,analytic geometry,undergraduate
Q144,fail,fail,fail,fail,fail,fail,fail,fail,fail,fail,0,analytic geometry,undergraduate
Q145,fail,fail,fail,fail,fail,fail,fail,fail,fail,fail,0,solid geometry,high school
Q146,fail,fail,fail,fail,fail,fail,fail,fail,fail,fail,0,puzzle test,high school
Q147,correct,correct,correct,correct,correct,correct,correct,correct,correct,correct,10,analytic geometry,high school
Q148,correct,correct,correct,correct,correct,correct,correct,correct,correct,correct,10,analytic geometry,high school
Q149,correct,correct,correct,correct,correct,correct,correct,correct,correct,correct,10,analytic geometry,high school
Q150,fail,fail,correct,fail,correct,correct,correct,correct,correct,correct,7,analytic geometry,high school
Q151,correct,correct,fail,fail,correct,fail,fail,fail,fail,correct,4,graph theory,undergraduate
Q152,correct,correct,correct,correct,correct,correct,correct,correct,fail,correct,9,graph theory,undergraduate
Q153,correct,fail,fail,fail,fail,fail,fail,fail,correct,fail,2,plane geometry,high school
Q154,fail,fail,fail,correct,correct,correct,correct,fail,correct,correct,6,plane geometry,high school
Q155,correct,fail,fail,fail,correct,fail,fail,correct,fail,fail,3,puzzle test,high school
Q156,correct,correct,correct,correct,correct,fail,correct,correct,correct,correct,9,puzzle test,high school
Q157,correct,correct,fail,fail,fail,fail,correct,fail,correct,fail,4,plane geometry,high school
Q158,fail,correct,fail,correct,fail,fail,correct,fail,fail,fail,3,plane geometry,high school
Q159,fail,fail,fail,fail,fail,fail,fail,fail,fail,fail,0,analytic geometry,undergraduate
Q160,correct,correct,correct,correct,correct,correct,correct,correct,correct,correct,10,analytic geometry,high school
Q161,fail,fail,fail,fail,fail,correct,correct,fail,fail,fail,2,statistics,high school
Q162,correct,fail,correct,fail,fail,correct,correct,fail,fail,fail,4,statistics,high school
Q163,correct,correct,correct,fail,fail,fail,correct,correct,correct,fail,6,analytic geometry,high school
Q164,correct,correct,correct,correct,correct,correct,correct,correct,correct,correct,10,analytic geometry,high school
Q165,fail,correct,correct,correct,correct,correct,correct,correct,correct,correct,9,analytic geometry,high school
Q166,correct,correct,fail,correct,correct,correct,fail,correct,correct,correct,8,analytic geometry,high school
Q167,fail,fail,fail,fail,fail,fail,fail,fail,fail,correct,1,plane geometry,high school
Q168,correct,correct,fail,correct,correct,correct,fail,fail,correct,correct,7,analytic geometry,high school
Q169,fail,correct,fail,correct,correct,correct,correct,fail,correct,correct,7,analytic geometry,high school
Q170,fail,fail,fail,fail,correct,fail,correct,correct,correct,correct,5,analytic geometry,high school
Q171,correct,correct,correct,correct,correct,correct,fail,correct,correct,correct,9,plane geometry,high school
Q172,correct,correct,correct,correct,correct,correct,correct,correct,correct,correct,10,plane geometry,high school
Q173,correct,correct,correct,fail,fail,correct,correct,correct,correct,correct,8,plane geometry,high school
Q174,fail,fail,fail,fail,fail,fail,fail,fail,fail,fail,0,plane geometry,high school
Q175,correct,correct,correct,correct,correct,correct,correct,correct,correct,correct,10,analytic geometry,high school
Q176,correct,correct,correct,correct,correct,correct,correct,correct,correct,correct,10,analytic geometry,high school
Q177,correct,correct,correct,correct,correct,correct,correct,correct,correct,correct,10,analytic geometry,high school
Q178,correct,correct,correct,correct,correct,correct,correct,correct,correct,correct,10,plane geometry,high school
Q179,fail,fail,fail,fail,fail,fail,correct,fail,fail,correct,2,puzzle test,high school
Q180,correct,correct,correct,correct,correct,correct,correct,fail,correct,correct,9,puzzle test,high school
Q181,correct,correct,correct,correct,correct,correct,correct,correct,correct,correct,10,plane geometry,high school
Q182,correct,correct,correct,correct,correct,correct,correct,correct,correct,correct,10,plane geometry,high school
Q183,correct,correct,correct,correct,correct,correct,correct,correct,correct,correct,10,plane geometry,high school
Q184,correct,correct,correct,correct,correct,correct,correct,correct,correct,correct,10,plane geometry,high school
Q185,fail,correct,fail,fail,correct,correct,correct,fail,fail,fail,4,scientific figure,elementary school
Q186,fail,fail,fail,fail,fail,fail,fail,fail,fail,correct,1,scientific figure,elementary school
Q187,fail,fail,fail,fail,fail,fail,fail,fail,fail,fail,0,solid geometry,high school
Q188,correct,fail,correct,correct,fail,correct,fail,correct,correct,correct,7,solid geometry,high school
Q189,fail,fail,fail,fail,fail,fail,fail,fail,fail,fail,0,plane geometry,high school
Q190,fail,fail,fail,fail,fail,fail,fail,fail,fail,fail,0,plane geometry,high school
Q191,correct,fail,fail,fail,fail,fail,fail,correct,fail,fail,2,analytic geometry,high school
Q192,fail,correct,fail,fail,fail,correct,fail,correct,fail,fail,3,analytic geometry,high school
Q193,fail,fail,fail,fail,fail,correct,fail,correct,fail,fail,2,analytic geometry,high school
Q194,fail,fail,fail,fail,fail,fail,fail,fail,fail,fail,0,plane geometry,high school
Q195,fail,fail,fail,fail,fail,fail,fail,fail,fail,fail,0,plane geometry,high school
Q196,correct,correct,correct,correct,correct,correct,correct,correct,correct,correct,10,puzzle test,high school
Q197,fail,correct,fail,fail,correct,fail,fail,fail,fail,fail,2,plane geometry,high school
Q198,fail,correct,fail,fail,correct,correct,correct,fail,fail,correct,5,analytic geometry,high school
Q199,fail,fail,correct,correct,correct,correct,correct,fail,correct,correct,7,analytic geometry,high school
Q200,correct,correct,correct,correct,correct,correct,correct,correct,correct,correct,10,plane geometry,high school
Q201,correct,correct,correct,correct,correct,correct,correct,correct,correct,correct,10,arithmetic,undergraduate
Q202,fail,fail,fail,fail,fail,fail,fail,fail,fail,fail,0,arithmetic,undergraduate
Q203,correct,correct,fail,correct,correct,correct,correct,correct,correct,correct,9,analytic geometry,undergraduate
Q204,fail,fail,fail,fail,fail,fail,fail,fail,fail,fail,0,analytic geometry,high school
Q205,fail,fail,fail,fail,fail,fail,fail,fail,fail,fail,0,plane geometry,high school
Q206,fail,fail,fail,fail,fail,fail,fail,fail,fail,fail,0,plane geometry,high school
Q207,fail,fail,fail,fail,fail,fail,fail,fail,fail,fail,0,plane geometry,high school
Q208,fail,fail,fail,fail,fail,fail,fail,fail,fail,fail,0,plane geometry,high school
Q209,fail,fail,fail,fail,fail,fail,fail,fail,fail,fail,0,plane geometry,high school
Q210,correct,correct,correct,correct,correct,correct,correct,correct,fail,fail,8,plane geometry,high school
Q211,fail,correct,fail,fail,fail,fail,fail,fail,fail,fail,1,plane geometry,high school
Q212,correct,correct,correct,correct,correct,correct,correct,correct,correct,correct,10,plane geometry,high school
Q213,fail,correct,fail,fail,correct,correct,fail,correct,fail,fail,4,algebra,undergraduate
Q214,fail,correct,fail,correct,correct,fail,correct,fail,correct,fail,5,plane geometry,high school
Q215,correct,correct,correct,correct,correct,correct,correct,correct,correct,correct,10,plane geometry,high school
Q216,correct,correct,correct,correct,correct,correct,correct,correct,correct,correct,10,analytic geometry,high school
Q217,correct,correct,correct,correct,correct,correct,correct,correct,correct,correct,10,statistics,undergraduate
Q218,correct,correct,correct,correct,correct,correct,correct,correct,correct,correct,10,statistics,undergraduate
Q219,fail,fail,fail,fail,fail,fail,fail,fail,fail,fail,0,statistics,undergraduate
Q220,correct,correct,fail,correct,correct,fail,correct,correct,correct,correct,8,graph theory,undergraduate
Q221,fail,fail,correct,fail,fail,fail,fail,fail,fail,fail,1,graph theory,undergraduate
Q222,fail,fail,correct,correct,fail,fail,correct,fail,fail,fail,3,graph theory,undergraduate
Q223,fail,correct,correct,correct,fail,fail,correct,fail,fail,fail,4,graph theory,undergraduate
Q224,fail,fail,fail,fail,fail,correct,fail,fail,fail,fail,1,graph theory,undergraduate
Q225,fail,fail,fail,fail,fail,correct,fail,fail,fail,fail,1,graph theory,undergraduate
Q226,correct,correct,correct,correct,correct,correct,fail,fail,correct,correct,8,graph theory,undergraduate
Q227,fail,fail,fail,fail,fail,fail,correct,fail,fail,fail,1,graph theory,undergraduate
Q228,correct,fail,fail,correct,fail,fail,fail,fail,correct,fail,3,graph theory,undergraduate
Q229,correct,correct,correct,correct,fail,correct,fail,correct,correct,correct,8,graph theory,undergraduate
Q230,correct,correct,correct,correct,fail,correct,fail,fail,correct,correct,7,graph theory,undergraduate
Q231,fail,fail,correct,correct,fail,fail,fail,correct,correct,correct,5,graph theory,undergraduate
Q232,correct,correct,correct,fail,fail,correct,correct,correct,correct,correct,8,graph theory,undergraduate
Q233,fail,correct,fail,fail,fail,fail,correct,correct,fail,fail,3,graph theory,undergraduate
Q234,correct,correct,fail,fail,correct,correct,fail,correct,correct,correct,7,graph theory,undergraduate
Q235,fail,correct,correct,correct,correct,correct,correct,correct,correct,correct,9,graph theory,undergraduate
Q236,correct,fail,correct,correct,fail,fail,correct,fail,correct,correct,6,graph theory,undergraduate
Q237,correct,fail,correct,correct,correct,correct,correct,correct,correct,fail,8,graph theory,undergraduate
Q238,correct,correct,fail,fail,fail,fail,correct,correct,fail,correct,5,graph theory,undergraduate
Q239,fail,fail,correct,correct,correct,correct,correct,fail,fail,fail,5,graph theory,undergraduate
Q240,correct,correct,fail,correct,correct,correct,correct,correct,correct,correct,9,graph theory,undergraduate
Q241,correct,correct,correct,correct,correct,correct,correct,correct,correct,correct,10,graph theory,undergraduate
Q242,correct,correct,correct,correct,correct,correct,correct,correct,correct,correct,10,graph theory,undergraduate
Q243,correct,correct,correct,correct,correct,correct,correct,correct,correct,correct,10,graph theory,undergraduate
Q244,correct,correct,correct,fail,correct,correct,fail,fail,fail,fail,5,graph theory,undergraduate
Q245,correct,correct,correct,correct,correct,correct,correct,correct,correct,correct,10,graph theory,undergraduate
Q246,fail,correct,correct,correct,fail,fail,correct,fail,fail,correct,5,graph theory,undergraduate
Q247,fail,fail,fail,correct,fail,fail,fail,fail,fail,correct,2,graph theory,undergraduate
Q248,correct,fail,fail,fail,fail,fail,fail,fail,fail,fail,1,graph theory,undergraduate
Q249,fail,fail,fail,fail,fail,fail,fail,fail,correct,fail,1,graph theory,undergraduate
Q250,correct,correct,correct,correct,fail,correct,correct,correct,correct,correct,9,graph theory,undergraduate
Q251,correct,correct,fail,correct,fail,fail,correct,correct,correct,fail,6,graph theory,undergraduate
Q252,fail,correct,fail,fail,fail,fail,correct,fail,correct,correct,4,graph theory,undergraduate
Q253,correct,correct,fail,correct,correct,correct,correct,correct,correct,correct,9,graph theory,undergraduate
Q254,correct,correct,correct,correct,correct,correct,correct,correct,correct,correct,10,graph theory,undergraduate
Q255,correct,correct,correct,correct,correct,correct,correct,correct,correct,correct,10,graph theory,undergraduate
Q256,fail,fail,fail,fail,fail,fail,fail,fail,fail,fail,0,graph theory,undergraduate
Q257,correct,correct,correct,fail,fail,fail,fail,fail,correct,fail,4,graph theory,undergraduate
Q258,fail,correct,fail,correct,fail,fail,fail,fail,fail,fail,2,graph theory,undergraduate
Q259,correct,correct,correct,correct,correct,correct,correct,correct,correct,correct,10,graph theory,undergraduate
Q260,correct,fail,fail,fail,fail,correct,correct,correct,fail,fail,4,graph theory,undergraduate
Q261,fail,fail,correct,fail,fail,correct,correct,fail,fail,fail,3,scientific figure,high school
Q262,fail,correct,fail,correct,correct,correct,correct,correct,fail,correct,7,scientific figure,high school
Q263,correct,correct,fail,fail,fail,fail,fail,correct,fail,correct,4,scientific figure,high school
Q264,correct,fail,fail,fail,fail,fail,fail,fail,fail,fail,1,scientific figure,high school
Q265,correct,fail,fail,correct,fail,fail,correct,fail,fail,fail,3,scientific figure,high school
Q266,fail,correct,fail,correct,fail,fail,correct,fail,correct,fail,4,scientific figure,high school
Q267,correct,correct,correct,correct,correct,correct,correct,correct,correct,correct,10,scientific figure,high school
Q268,correct,correct,fail,correct,fail,fail,correct,fail,correct,fail,5,scientific figure,high school
Q269,correct,correct,fail,correct,correct,fail,correct,correct,fail,correct,7,scientific figure,high school
Q270,correct,correct,correct,correct,correct,correct,correct,correct,correct,correct,10,scientific figure,high school
Q271,correct,correct,correct,correct,correct,correct,correct,correct,correct,correct,10,scientific figure,high school
Q272,correct,correct,fail,correct,fail,correct,fail,correct,fail,fail,5,scientific figure,high school
Q273,fail,fail,correct,fail,fail,correct,fail,fail,fail,fail,2,scientific figure,high school
Q274,correct,correct,correct,correct,fail,fail,correct,correct,fail,fail,6,scientific figure,high school
Q275,correct,correct,correct,correct,correct,correct,correct,correct,correct,correct,10,scientific figure,high school
Q276,fail,fail,fail,fail,fail,correct,fail,fail,fail,fail,1,scientific figure,high school
Q277,fail,fail,correct,fail,fail,fail,correct,correct,correct,correct,5,scientific figure,high school
Q278,fail,fail,fail,fail,fail,fail,fail,fail,fail,fail,0,scientific figure,undergraduate
Q279,fail,correct,fail,correct,fail,correct,correct,fail,correct,correct,6,scientific figure,high school
Q280,correct,fail,fail,correct,fail,correct,correct,fail,fail,fail,4,scientific figure,high school
Q281,fail,fail,fail,fail,fail,fail,fail,fail,fail,fail,0,plane geometry,high school
Q282,correct,fail,correct,correct,correct,correct,correct,correct,correct,correct,9,puzzle test,high school
Q283,correct,correct,correct,correct,correct,correct,fail,correct,correct,correct,9,puzzle test,elementary school
Q284,fail,fail,fail,fail,fail,fail,fail,fail,fail,fail,0,puzzle test,elementary school
Q285,correct,correct,fail,fail,fail,fail,correct,correct,fail,fail,4,puzzle test,elementary school
Q286,correct,correct,correct,correct,fail,correct,correct,correct,correct,correct,9,puzzle test,elementary school
Q287,correct,correct,correct,correct,correct,correct,correct,correct,correct,correct,10,plane geometry,elementary school
Q288,correct,correct,fail,correct,correct,correct,correct,correct,correct,correct,9,statistics,high school
Q289,fail,fail,fail,fail,correct,fail,fail,fail,fail,fail,1,statistics,high school
Q290,fail,fail,correct,correct,fail,correct,fail,fail,correct,correct,5,statistics,high school
Q291,fail,fail,correct,fail,correct,correct,correct,correct,fail,correct,6,statistics,high school
Q292,fail,fail,fail,fail,fail,fail,fail,fail,fail,fail,0,statistics,high school
Q293,correct,correct,correct,correct,correct,correct,correct,correct,correct,correct,10,statistics,high school
Q294,fail,fail,fail,fail,fail,fail,fail,fail,fail,fail,0,statistics,undergraduate
Q295,correct,correct,correct,correct,fail,fail,fail,correct,correct,fail,6,statistics,undergraduate
Q296,fail,fail,fail,fail,correct,fail,fail,fail,fail,fail,1,analytic geometry,undergraduate
Q297,fail,fail,fail,fail,fail,fail,fail,fail,correct,fail,1,analytic geometry,undergraduate
Q298,correct,correct,correct,correct,correct,correct,fail,fail,fail,fail,6,analytic geometry,undergraduate
Q299,fail,fail,fail,correct,fail,correct,fail,fail,fail,fail,2,analytic geometry,undergraduate
Q300,fail,fail,fail,correct,correct,fail,fail,fail,fail,fail,2,analytic geometry,undergraduate
Q301,correct,fail,fail,fail,fail,fail,fail,fail,fail,fail,1,plane geometry,high school
Q302,fail,fail,correct,fail,correct,fail,fail,correct,correct,correct,5,plane geometry,high school
Q303,fail,fail,correct,fail,fail,correct,fail,correct,correct,fail,4,analytic geometry,high school
Q304,fail,fail,correct,fail,fail,fail,fail,fail,correct,fail,2,plane geometry,high school
Q305,fail,fail,fail,fail,fail,fail,fail,fail,fail,fail,0,algebra,high school
Q306,correct,correct,correct,correct,correct,correct,correct,correct,correct,correct,10,arithmetic,elementary school
Q307,correct,correct,correct,correct,correct,correct,correct,correct,correct,correct,10,scientific figure,high school
Q308,correct,correct,correct,correct,correct,correct,correct,correct,correct,correct,10,scientific figure,high school
Q309,fail,fail,fail,fail,fail,fail,fail,fail,fail,fail,0,scientific figure,high school
Q310,correct,correct,correct,correct,correct,fail,correct,fail,correct,correct,8,algebra,elementary school
Q311,correct,correct,correct,correct,correct,correct,correct,correct,correct,correct,10,scientific figure,elementary school
Q312,fail,correct,correct,fail,correct,correct,correct,correct,correct,correct,8,puzzle test,elementary school
Q313,fail,fail,fail,fail,fail,fail,fail,fail,fail,fail,0,puzzle test,elementary school
Q314,correct,fail,correct,correct,correct,correct,correct,correct,correct,correct,9,statistics,undergraduate
Q315,fail,fail,fail,correct,fail,fail,fail,fail,fail,fail,1,puzzle test,elementary school
Q316,fail,fail,fail,fail,fail,fail,fail,fail,fail,fail,0,arithmetic,elementary school
Q317,fail,fail,fail,fail,correct,fail,fail,fail,correct,fail,2,arithmetic,elementary school
Q318,correct,correct,correct,correct,correct,correct,correct,correct,correct,correct,10,solid geometry,high school
Q319,fail,fail,fail,correct,fail,fail,fail,fail,fail,fail,1,arithmetic,elementary school
Q320,correct,correct,correct,correct,correct,correct,correct,correct,correct,fail,9,solid geometry,high school
Q321,fail,fail,fail,fail,fail,fail,fail,fail,fail,fail,0,scientific figure,undergraduate
Q322,correct,correct,correct,correct,correct,correct,correct,correct,correct,correct,10,scientific figure,undergraduate
Q323,correct,correct,correct,correct,correct,correct,correct,correct,correct,correct,10,scientific figure,high school
Q324,correct,correct,correct,correct,correct,correct,correct,correct,correct,correct,10,scientific figure,high school
Q325,correct,correct,correct,correct,fail,fail,correct,correct,correct,correct,8,scientific figure,high school
Q326,correct,fail,fail,fail,fail,fail,fail,fail,fail,fail,1,scientific figure,high school
Q327,correct,fail,fail,fail,fail,fail,fail,fail,fail,fail,1,arithmetic,elementary school
Q328,fail,fail,correct,fail,fail,fail,fail,fail,fail,fail,1,arithmetic,elementary school
Q329,correct,correct,correct,correct,correct,fail,correct,correct,fail,correct,8,scientific figure,high school
Q330,correct,fail,fail,fail,fail,fail,fail,fail,fail,fail,1,scientific figure,high school
Q331,fail,correct,fail,fail,fail,fail,fail,fail,correct,fail,2,scientific figure,high school
Q332,correct,correct,correct,correct,correct,fail,fail,correct,fail,correct,7,scientific figure,high school
Q333,correct,correct,correct,correct,correct,correct,correct,correct,correct,correct,10,scientific figure,high school
Q334,correct,correct,correct,fail,correct,correct,correct,correct,correct,correct,9,scientific figure,high school
Q335,correct,correct,correct,fail,correct,correct,correct,correct,correct,correct,9,analytic geometry,undergraduate
Q336,correct,correct,fail,correct,correct,correct,correct,correct,correct,correct,9,analytic geometry,undergraduate
Q337,fail,fail,fail,fail,fail,correct,fail,correct,correct,fail,3,analytic geometry,undergraduate
Q338,fail,fail,fail,fail,correct,correct,fail,fail,fail,fail,2,analytic geometry,undergraduate
Q339,correct,correct,correct,fail,correct,correct,correct,correct,fail,fail,7,analytic geometry,undergraduate
Q340,fail,fail,correct,fail,correct,correct,correct,fail,fail,correct,5,puzzle test,elementary school
Q341,correct,correct,correct,correct,correct,correct,correct,correct,correct,correct,10,arithmetic,elementary school
Q342,correct,correct,correct,correct,correct,correct,correct,correct,correct,correct,10,arithmetic,undergraduate
Q343,fail,fail,fail,fail,correct,fail,fail,fail,fail,fail,1,arithmetic,elementary school
Q344,correct,correct,correct,correct,correct,correct,correct,correct,correct,correct,10,scientific figure,high school
Q345,fail,fail,fail,correct,correct,fail,fail,fail,fail,fail,2,analytic geometry,high school
Q346,fail,fail,fail,fail,fail,fail,correct,fail,fail,correct,2,analytic geometry,high school
Q347,fail,fail,fail,fail,fail,fail,fail,fail,fail,fail,0,analytic geometry,high school
Q348,correct,correct,fail,correct,correct,correct,fail,correct,correct,correct,8,analytic geometry,high school
Q349,correct,correct,correct,correct,correct,correct,correct,correct,correct,correct,10,scientific figure,high school
Q350,fail,fail,fail,fail,fail,fail,fail,fail,fail,fail,0,puzzle test,elementary school
Q351,correct,correct,correct,correct,correct,correct,correct,correct,correct,correct,10,algebra,undergraduate
Q352,correct,correct,correct,correct,correct,correct,correct,correct,correct,correct,10,algebra,undergraduate
Q353,correct,correct,correct,fail,correct,fail,correct,correct,correct,correct,8,scientific figure,high school
Q354,correct,correct,correct,correct,correct,correct,correct,correct,correct,correct,10,scientific figure,high school
Q355,correct,correct,correct,correct,fail,fail,fail,correct,correct,correct,7,arithmetic,elementary school
Q356,correct,correct,correct,correct,correct,correct,correct,correct,correct,correct,10,arithmetic,elementary school
Q357,correct,correct,correct,correct,correct,correct,correct,correct,correct,correct,10,arithmetic,elementary school
Q358,correct,correct,correct,correct,correct,correct,correct,correct,correct,correct,10,scientific figure,undergraduate
Q359,fail,fail,fail,fail,fail,fail,fail,fail,fail,correct,1,solid geometry,high school
Q360,fail,fail,fail,correct,fail,fail,fail,correct,fail,fail,2,solid geometry,high school
Q361,correct,correct,fail,correct,fail,correct,correct,correct,correct,fail,7,analytic geometry,high school
Q362,fail,fail,correct,correct,correct,correct,fail,correct,correct,correct,7,analytic geometry,high school
Q363,correct,correct,correct,correct,correct,correct,correct,correct,correct,correct,10,analytic geometry,high school
Q364,fail,correct,correct,correct,correct,correct,correct,correct,correct,correct,9,statistics,undergraduate
Q365,correct,correct,correct,correct,correct,correct,correct,correct,correct,correct,10,statistics,undergraduate
Q366,correct,correct,correct,correct,correct,correct,correct,correct,correct,correct,10,statistics,undergraduate
Q367,fail,fail,correct,fail,fail,fail,correct,correct,fail,fail,3,statistics,undergraduate
Q368,fail,fail,correct,fail,fail,correct,correct,correct,correct,fail,5,statistics,undergraduate
Q369,correct,fail,fail,correct,fail,fail,fail,correct,fail,fail,3,statistics,undergraduate
Q370,correct,correct,correct,fail,correct,fail,fail,correct,correct,correct,7,statistics,undergraduate
Q371,fail,fail,fail,fail,fail,fail,fail,correct,fail,fail,1,statistics,undergraduate
Q372,fail,fail,fail,fail,correct,fail,fail,fail,correct,fail,2,statistics,undergraduate
Q373,correct,fail,fail,fail,fail,fail,fail,fail,fail,fail,1,statistics,undergraduate
Q374,fail,fail,fail,fail,fail,fail,correct,fail,correct,fail,2,statistics,undergraduate
Q375,fail,fail,fail,fail,fail,fail,fail,fail,fail,fail,0,statistics,undergraduate
Q376,correct,correct,correct,correct,correct,correct,correct,correct,correct,correct,10,statistics,undergraduate
Q377,fail,fail,correct,fail,fail,fail,correct,correct,correct,correct,5,statistics,high school
Q378,fail,correct,correct,correct,correct,correct,correct,correct,correct,correct,9,statistics,high school
Q379,fail,fail,correct,fail,fail,correct,fail,correct,fail,correct,4,statistics,high school
Q380,fail,fail,fail,fail,fail,correct,fail,fail,correct,fail,2,statistics,high school
Q381,correct,fail,fail,correct,correct,correct,fail,fail,correct,correct,6,statistics,high school
Q382,correct,correct,correct,correct,correct,correct,correct,correct,correct,correct,10,statistics,high school
Q383,fail,correct,correct,correct,correct,correct,correct,correct,correct,correct,9,statistics,high school
Q384,correct,fail,correct,fail,correct,correct,correct,correct,correct,correct,8,statistics,high school
Q385,correct,correct,correct,correct,correct,correct,correct,correct,correct,correct,10,statistics,high school
Q386,correct,correct,correct,correct,fail,fail,correct,fail,correct,correct,7,statistics,high school
Q387,correct,fail,correct,fail,correct,fail,fail,fail,fail,correct,4,statistics,high school
Q388,correct,fail,fail,correct,fail,correct,fail,correct,correct,correct,6,statistics,undergraduate
Q389,fail,correct,correct,fail,correct,correct,correct,correct,correct,fail,7,statistics,undergraduate
Q390,correct,correct,correct,correct,correct,correct,correct,correct,correct,correct,10,statistics,undergraduate
Q391,correct,fail,correct,correct,fail,correct,correct,correct,correct,fail,7,statistics,undergraduate
Q392,fail,correct,correct,correct,fail,fail,fail,fail,correct,correct,5,statistics,high school
Q393,correct,correct,correct,fail,correct,correct,correct,correct,correct,fail,8,statistics,high school
Q394,fail,fail,fail,fail,fail,fail,fail,correct,fail,fail,1,statistics,high school
Q395,fail,fail,fail,fail,fail,fail,fail,fail,fail,fail,0,statistics,high school
Q396,correct,correct,correct,fail,fail,correct,fail,correct,fail,fail,5,statistics,high school
Q397,correct,fail,correct,fail,correct,correct,correct,fail,fail,correct,6,statistics,high school
Q398,fail,correct,correct,fail,fail,correct,fail,correct,fail,correct,5,statistics,high school
Q399,correct,correct,fail,fail,fail,fail,correct,fail,fail,fail,3,statistics,high school
Q400,correct,correct,correct,correct,correct,fail,correct,correct,fail,fail,7,statistics,high school
Q401,correct,fail,fail,correct,correct,correct,correct,correct,correct,correct,8,statistics,high school
Q402,correct,correct,fail,correct,correct,correct,correct,correct,correct,correct,9,statistics,high school
Q403,correct,correct,correct,correct,correct,correct,correct,correct,correct,correct,10,statistics,elementary school
Q404,correct,correct,correct,correct,correct,correct,correct,correct,correct,correct,10,statistics,elementary school
Q405,correct,fail,fail,correct,correct,fail,fail,correct,correct,fail,5,statistics,high school
Q406,correct,fail,correct,correct,correct,correct,correct,fail,correct,correct,8,statistics,high school
Q407,correct,correct,correct,correct,correct,correct,correct,correct,correct,correct,10,statistics,high school
Q408,correct,correct,correct,correct,correct,correct,correct,correct,correct,correct,10,statistics,high school
Q409,correct,correct,correct,correct,correct,correct,correct,correct,correct,correct,10,statistics,high school
Q410,correct,correct,correct,correct,correct,correct,correct,correct,correct,correct,10,statistics,high school
Q411,correct,correct,correct,correct,correct,correct,correct,correct,correct,correct,10,statistics,high school
Q412,correct,correct,correct,correct,correct,correct,correct,correct,correct,correct,10,statistics,high school
Q413,correct,correct,correct,correct,correct,correct,correct,correct,correct,correct,10,statistics,high school
Q414,correct,correct,correct,correct,correct,correct,correct,correct,correct,correct,10,statistics,high school
Q415,correct,correct,correct,correct,correct,correct,correct,correct,correct,correct,10,statistics,high school
Q416,correct,correct,correct,correct,correct,correct,correct,correct,correct,correct,10,statistics,high school
Q417,correct,correct,correct,correct,correct,correct,correct,correct,correct,correct,10,statistics,high school
Q418,fail,fail,fail,fail,fail,fail,fail,fail,fail,fail,0,statistics,high school
Q419,correct,correct,correct,correct,correct,correct,correct,correct,correct,correct,10,statistics,high school
Q420,correct,correct,correct,correct,correct,correct,correct,correct,correct,correct,10,statistics,high school
Q421,correct,correct,correct,correct,correct,correct,correct,correct,correct,correct,10,statistics,high school
Q422,correct,correct,correct,correct,correct,correct,correct,correct,correct,correct,10,statistics,high school
Q423,correct,correct,correct,correct,correct,correct,correct,correct,correct,correct,10,statistics,high school
Q424,fail,fail,fail,fail,fail,fail,fail,fail,fail,fail,0,statistics,high school
Q425,correct,correct,correct,correct,correct,correct,correct,correct,correct,correct,10,statistics,high school
Q426,correct,correct,correct,correct,correct,correct,correct,correct,correct,correct,10,statistics,high school
Q427,fail,fail,fail,fail,fail,fail,fail,fail,fail,fail,0,statistics,elementary school
Q428,fail,fail,fail,fail,correct,fail,fail,fail,fail,fail,1,statistics,elementary school
Q429,correct,correct,correct,correct,correct,correct,correct,correct,correct,correct,10,statistics,elementary school
Q430,correct,correct,correct,correct,correct,correct,correct,correct,correct,correct,10,statistics,elementary school
Q431,correct,correct,correct,correct,correct,correct,correct,correct,correct,correct,10,statistics,elementary school
Q432,correct,correct,correct,correct,correct,correct,correct,correct,correct,correct,10,statistics,elementary school
Q433,correct,correct,correct,correct,correct,correct,correct,correct,correct,correct,10,statistics,elementary school
Q434,correct,correct,correct,correct,correct,correct,correct,correct,correct,correct,10,statistics,elementary school
Q435,correct,correct,correct,correct,correct,correct,correct,correct,correct,correct,10,statistics,elementary school
Q436,correct,correct,correct,correct,correct,correct,correct,correct,correct,correct,10,statistics,elementary school
Q437,correct,correct,correct,fail,fail,correct,correct,correct,correct,fail,7,statistics,undergraduate
Q438,correct,fail,correct,fail,fail,correct,correct,correct,fail,correct,6,statistics,undergraduate
Q439,correct,fail,correct,fail,correct,correct,fail,fail,fail,correct,5,statistics,undergraduate
Q440,correct,correct,correct,correct,correct,correct,correct,correct,correct,correct,10,statistics,undergraduate
Q441,correct,correct,correct,correct,correct,correct,correct,correct,correct,fail,9,statistics,undergraduate
Q442,correct,correct,correct,correct,fail,correct,correct,fail,correct,correct,8,statistics,undergraduate
Q443,correct,correct,fail,fail,correct,correct,correct,correct,fail,fail,6,statistics,undergraduate
Q444,fail,correct,fail,correct,correct,fail,fail,correct,fail,fail,4,statistics,undergraduate
Q445,correct,fail,correct,correct,correct,correct,correct,correct,correct,correct,9,statistics,undergraduate
Q446,correct,fail,correct,correct,correct,correct,correct,correct,correct,correct,9,statistics,undergraduate
Q447,correct,correct,correct,fail,correct,correct,fail,fail,correct,correct,7,statistics,undergraduate
Q448,correct,correct,correct,correct,correct,correct,fail,fail,correct,correct,8,statistics,undergraduate
Q449,correct,fail,fail,correct,fail,fail,correct,fail,fail,correct,4,statistics,undergraduate
Q450,fail,correct,fail,correct,fail,correct,fail,fail,correct,fail,4,statistics,undergraduate
Q451,correct,correct,correct,correct,fail,correct,correct,correct,correct,correct,9,statistics,undergraduate
Q452,correct,correct,correct,correct,correct,correct,correct,correct,correct,correct,10,statistics,undergraduate
Q453,correct,correct,correct,correct,correct,correct,correct,correct,correct,correct,10,statistics,undergraduate
Q454,correct,correct,correct,correct,correct,correct,correct,correct,correct,correct,10,statistics,undergraduate
Q455,correct,correct,correct,correct,correct,correct,correct,correct,correct,correct,10,statistics,undergraduate
Q456,correct,correct,correct,correct,correct,correct,correct,correct,correct,correct,10,statistics,undergraduate
Q457,correct,correct,correct,correct,fail,correct,correct,fail,correct,correct,8,statistics,undergraduate
Q458,correct,correct,correct,correct,correct,correct,correct,correct,correct,correct,10,statistics,undergraduate
Q459,correct,correct,fail,correct,correct,correct,fail,correct,correct,fail,7,statistics,undergraduate
Q460,correct,fail,correct,fail,fail,fail,correct,correct,fail,fail,4,statistics,undergraduate
Q461,fail,fail,fail,fail,fail,fail,fail,correct,correct,fail,2,statistics,undergraduate
Q462,fail,fail,fail,fail,fail,fail,correct,fail,fail,fail,1,statistics,undergraduate
Q463,fail,fail,correct,fail,fail,fail,fail,fail,correct,fail,2,statistics,undergraduate
Q464,correct,correct,correct,correct,correct,correct,correct,correct,correct,correct,10,algebra,high school
Q465,correct,correct,correct,correct,correct,correct,correct,correct,correct,correct,10,algebra,high school
Q466,correct,correct,correct,correct,correct,correct,correct,correct,correct,correct,10,algebra,high school
Q467,correct,correct,correct,correct,correct,correct,correct,correct,correct,correct,10,algebra,high school
Q468,fail,fail,fail,correct,fail,correct,fail,fail,fail,fail,2,algebra,high school
Q469,correct,correct,correct,fail,correct,correct,correct,correct,correct,correct,9,algebra,high school
Q470,fail,fail,fail,fail,fail,fail,fail,fail,fail,fail,0,algebra,high school
Q471,correct,correct,correct,correct,correct,correct,correct,correct,correct,correct,10,algebra,high school
Q472,correct,correct,correct,correct,correct,correct,correct,correct,correct,correct,10,algebra,high school
Q473,fail,fail,fail,fail,fail,fail,fail,fail,fail,fail,0,algebra,high school
Q474,correct,correct,correct,fail,fail,correct,correct,correct,fail,correct,7,algebra,undergraduate
Q475,correct,correct,correct,correct,correct,correct,correct,correct,correct,correct,10,algebra,undergraduate
Q476,fail,correct,correct,correct,fail,fail,correct,correct,correct,correct,7,algebra,undergraduate
Q477,fail,correct,fail,fail,fail,fail,fail,fail,fail,fail,1,algebra,undergraduate
Q478,correct,correct,correct,correct,correct,correct,correct,correct,correct,correct,10,algebra,undergraduate
Q479,fail,fail,fail,fail,fail,fail,fail,fail,fail,fail,0,algebra,undergraduate
Q480,correct,fail,correct,correct,correct,correct,fail,fail,correct,fail,6,algebra,undergraduate
Q481,correct,correct,correct,correct,correct,correct,correct,correct,correct,correct,10,algebra,undergraduate
Q482,correct,correct,correct,correct,correct,correct,correct,correct,correct,correct,10,algebra,undergraduate
Q483,correct,correct,correct,correct,correct,correct,correct,correct,correct,correct,10,algebra,undergraduate
Q484,correct,correct,correct,correct,correct,correct,correct,correct,correct,correct,10,algebra,undergraduate
Q485,correct,correct,correct,correct,correct,correct,correct,correct,correct,correct,10,algebra,undergraduate
Q486,correct,correct,fail,correct,correct,correct,correct,correct,correct,correct,9,algebra,undergraduate
Q487,correct,correct,correct,correct,correct,correct,correct,correct,correct,fail,9,algebra,undergraduate
Q488,correct,correct,correct,correct,correct,correct,correct,correct,correct,correct,10,algebra,undergraduate
Q489,correct,correct,correct,correct,correct,correct,correct,correct,correct,correct,10,algebra,undergraduate
Q490,correct,correct,correct,correct,correct,correct,correct,correct,correct,correct,10,algebra,undergraduate
Q491,correct,correct,correct,correct,correct,correct,correct,correct,correct,correct,10,algebra,undergraduate
Q492,correct,correct,correct,correct,correct,correct,correct,correct,correct,correct,10,algebra,high school
Q493,correct,fail,correct,correct,correct,correct,fail,correct,fail,correct,7,algebra,high school
Q494,fail,correct,correct,correct,correct,fail,fail,correct,fail,fail,5,algebra,high school
Q495,correct,correct,correct,correct,correct,correct,correct,correct,correct,correct,10,algebra,high school
Q496,correct,correct,correct,correct,correct,correct,correct,correct,correct,correct,10,algebra,high school
Q497,correct,correct,correct,correct,correct,correct,correct,correct,correct,correct,10,algebra,high school
Q498,fail,fail,fail,correct,fail,correct,fail,fail,fail,fail,2,algebra,high school
Q499,correct,correct,correct,correct,correct,correct,correct,correct,correct,correct,10,algebra,high school
Q500,correct,correct,fail,correct,correct,correct,correct,correct,correct,correct,9,algebra,elementary school
Q501,correct,correct,correct,correct,correct,correct,correct,correct,correct,correct,10,algebra,elementary school
# of correct per variant,323,313,309,323,309,321,323,318,320,314,,,
A_avg,64.47 ,62.48 ,61.68 ,64.47 ,61.68 ,64.07 ,64.47 ,63.47 ,63.87 ,62.67 ,,,
,,,,,,,,,,,,,
,,,,,,,,,,,,,
,,,,,,,,,,,,,
,,,,,,,,,,,,,
,,,,,,,,,,,,,
,,,,,,,,,,,,,
,,,,,,,,,,,,,
,,,,,,,,,,,,,
,,,,,,,,,,,,,
,,,,,,,,,,,,,
,,,,,,,,,,,,,
,,,,,,,,,,,,,
,,,,,,,,,,,,,
,,,,,,,,,,,,,
,,,,,,,,,,,,,
,,,,,,,,,,,,,
,,,,,,,,,,,,,
,,,,,,,,,,,,,
,,,,,,,,,,,,,
,,,,,,,,,,,,,
,,,,,,,,,,,,,
,,,,,,,,,,,,,
